Publication ID,Diseases
33477509,al
33477509,neurodegenerative diseas
33477509,amyotrophic lateral sclerosi
32545924,neurodegenerative diseas
32545924,neuroinflamm
30618605,al
30618605,amyotrophic lateral sclerosi
37868386,amyotrophic lateral sclerosi
37868386,dementia
37868386,motor neuron degener
37868386,al
37868386,neurodegenerative diseas
37868386,upper
37868386,pal
37868386,respiratory failur
31133804,amyotrophic lateral sclerosi
31133804,inflammation in the nervous system
31133804,alzheimer's diseas
31133804,neurodegener
31133804,neurodegenerative diseas
31133804,inflammatori
31133804,huntington's diseas
31133804,neuroinflamm
31133804,parkinson's diseas
36500540,amyolotrophic lateral sclerosi
36500540,neuronal degener
36500540,ms
36500540,neuroinflamm
36500540,asthma
36500540,alzheimer's diseas
36500540,mitochondrial dysfunct
36500540,neurodegenerative diseas
36500540,al
36500540,inflammatori
36500540,central nervous system disord
36500540,parkinson's diseas
36500540,multiple sclerosi
34975460,amyotrophic lateral sclerosi
34975460,alzheimer's diseas
34975460,neurodegenerative diseas
34975460,neurodegenerative disord
34975460,huntington's diseas
34975460,parkinson's diseas
30542906,alzheimer's diseas
30542906,neurodegenerative diseas
30542906,neurodegenerative disord
30542906,huntington'
30542906,parkinson'
35372329,al
35372329,neurodegenerative diseas
35372329,amyotrophic lateral sclerosi
35372329,sporadic and familial
31724708,alzheimer's diseas
31724708,neurodegener
31724708,neurodegenerative diseas
31724708,al
31724708,familial amyotrophic lateral sclerosi
31724708,cognitive impair
29630712,diseases of th
29630712,frontotemporal dementia
29630712,psp
29630712,cbd
29630712,ftd
29630712,amyotrophic lateral sclerosi
29630712,progressive supranuclear palsi
29630712,sporadic frontotemporal dementia
29630712,al
29630712,neurodegenerative diseas
29630712,parkinson diseas
29630712,neurodegenerative disord
29630712,pd
29630712,alzheimer diseas
29630712,ad
29630712,corticobasal degener
29630712,sporadic
37619619,ferroptosi
37619619,ms
37619619,amyotrophic lateral sclerosi
37619619,alzheimer's diseas
37619619,hd
37619619,pd
37619619,neurodegenerative diseas
37619619,al
37619619,neurodegenerative disord
37619619,huntington's diseas
37619619,ad
37619619,parkinson's diseas
37619619,multiple sclerosi
33897409,amyotrophic lateral sclerosi
33897409,alzheimer's diseas
33897409,pd
33897409,neurodegenerative diseas
33897409,al
33897409,neuronal loss
33897409,ad
33897409,parkinson's diseas
33897409,neurological dysfunct
36245065,ci
36245065,amyotrophic lateral sclerosi
36245065,depress
36245065,pd
36245065,neurodegenerative diseas
36245065,al
36245065,cognitive impair
36245065,parkinson's diseas
36263141,neurodegenerative diseas
36263141,parkinson's diseas
36263141,neurodegenerative disord
36263141,alzheimer's diseas
32457568,amyotrophic lateral sclerosi
32457568,alzheimer's diseas
32457568,pd
32457568,neurodegenerative diseas
32457568,al
32457568,ad
32457568,parkinson's diseas
36510311,nd
36510311,amyotrophic lateral sclerosi
36510311,alzheimer's diseas
36510311,neurodegenerative diseas
36510311,huntington's diseas
36510311,parkinson's diseas
32351395,nd
32351395,amyotrophic lateral sclerosi
32351395,alzheimer's diseas
32351395,neuronal apoptosi
32351395,neurodegenerative diseas
32351395,huntington's diseas
32351395,neuronal loss
32351395,parkinson's diseas
33706937,fragile x syndrom
33706937,autism
33706937,death
33706937,hd
33706937,cns disord
33706937,neurodegenerative diseas
33706937,al
33706937,schizophrenia
33706937,huntington's diseas
33706937,ad
33706937,rett
33706937,ndd
32082115,al
32082115,neurodegenerative diseas
32082115,sal
32082115,amyotrophic lateral sclerosi
28686587,neurodegenerative diseas
28686587,paralysi
28686587,motor dysfunct
30391475,amyotrophic lateral sclerosi
30391475,paralysi
30391475,neurodegenerative diseas
30391475,al
30391475,neurodegenerative disord
30391475,respiratory failur
31362360,viral
31362360,amyotrophic lateral sclerosi
31362360,inflamm
31362360,neurodegenerative diseas
31362360,infect
31362360,neurological diseas
31362360,multiple sclerosi
35022041,viral infect
35022041,amyotrophic lateral sclerosi
35022041,neuroinflammatori
35022041,al
35022041,neurodegenerative diseas
35022041,infect
35022041,inflammatori
35022041,motor dysfunct
35022041,neuronal damag
35022041,enteroviral infect
35022041,neurotox
36727322,al
36727322,amyotrophic lateral sclerosi
34924930,neurodegener
34924930,pdc
34924930,ataxia
34924930,polyproteinopathi
34924930,alzheimer's diseas
34924930,tau
34924930,schizophrenia
34924930,neurodegenerative diseas
34924930,al
34924930,developmental abnormalities of th
34924930,neurodegenerative disord
34924930,motor neuron diseas
34924930,degenerative brain disord
34924930,neurodevelopmental aberr
34924930,genotoxic damag
34924930,amyotrophic lateral sclerosis and parkinsonism-dementia complex
34924930,epilepsi
34924930,neurotox
35568318,dysfunctional mitochondria
35568318,metabol
35568318,neurodegenerative diseas
35568318,of electron transport chain
35568318,neurological and metabolic disord
30203797,amyotrophic lateral sclerosi
30203797,alzheimer's diseas
30203797,neurodegener
30203797,neurodegenerative diseas
30203797,neurological diseas
30203797,huntington's diseas
30203797,parkinson's diseas
33776642,viral infect
33776642,viral infections of the central nervous system
33776642,inflamm
33776642,neurodegenerative diseas
33776642,inflammatori
33776642,neuroinflamm
37828541,al
37828541,neurodegenerative diseas
37828541,amyotrophic lateral sclerosi
37828541,als diseas
35327555,chronic inflamm
35327555,alzheimer's diseas
35327555,inflamm
35327555,neurodegenerative diseas
35327555,amyloid
35327555,neuroinflamm
35327555,ndd
30551598,neurodegenerative diseas
30551598,neurodegenerative patholog
30551598,neurodegener
30551598,proinflammatori
30013199,ngd
30013199,lung and bone diseas
30013199,neuroinflamm
30013199,apnea1
30013199,strabismu
30013199,neurodegener
30013199,gaucher diseas
30013199,neurodegenerative diseas
30013199,inherited genetic diseas
30013199,dehydr
30013199,neck hyperextens
30013199,splenomegali
30013199,hepatomegali
37658972,amyotrophic lateral sclerosi
37658972,neurodegenerative diseas
37658972,neurodegenerative condit
37658972,alzheimer'
37658972,huntington'
37658972,parkinson'
37658972,glioblastoma multiform
35628482,retinal degener
35628482,retinal degenerative diseas
35628482,neurodegenerative diseas
35628482,neurological diseas
35628482,retinal diseas
34395432,trauma
34395432,tumor
34395432,inflamm
34395432,neurodegenerative diseas
34395432,hypoxia
34395432,ischemic injuri
34395432,hypox
34395432,ischemic strok
37862206,neurodegenerative diseas
37862206,amyotrophic lateral sclerosis diseas
37862206,amyotrophic lateral sclerosi
30250265,frontotemporal dementia
30250265,amyotrophic lateral sclerosi
30250265,alzheimer's diseas
30250265,neurodegenerative diseas
30250265,parkinson's diseas
33292860,damag
33292860,cns diseas
33292860,ad
33292860,amyotrophic lateral sclerosi
33292860,cns patholog
33292860,alzheimer's diseas
33292860,pd
33292860,neurodegenerative diseas
33292860,al
33292860,inflamm
33292860,central nervous system (cns) patholog
33292860,neuroinflamm
33292860,parkinson's diseas
33292860,cerebral sterile inflamm
30723494,al
30723494,motor neuron diseas
30723494,amyotrophic lateral sclerosi
34305533,nervou
34305533,microbial infect
34305533,amyotrophic lateral sclerosi
34305533,alzheimer's diseas
34305533,neuroinflammatori
34305533,inflamm
34305533,neurodegenerative diseas
34305533,neurodegener
34305533,infect
34305533,neuroinflamm
34305533,neuropathological chang
34305533,parkinson's diseas
31362659,amyotrophic lateral sclerosi
31362659,alzheimer's diseas
31362659,hd
31362659,neurodegenerative diseas
31362659,al
31362659,neurodegenerative disord
31362659,huntington's diseas
31362659,ad
31362659,ataxia telangiectasia
31362659,a-t
35204286,mitochondrial disturb
35204286,nd
35204286,amyotrophic lateral sclerosi
35204286,alzheimer's diseas
35204286,mitochondrial dysfunct
35204286,neurodegener
35204286,neurodegenerative diseas
35204286,er dysfunct
35204286,redox homeostasis and dysfunct
35204286,neuroinflamm
35204286,parkinson's diseas
35204286,proinflammatori
36184826,amyotrophic lateral sclerosi
36184826,alzheimer's diseas
36184826,polyq diseas
36184826,pd
36184826,neurodegenerative diseas
36184826,al
36184826,neurodegener
36184826,ad
36184826,parkinson's diseas
35008653,amyotrophic lateral sclerosi
35008653,alzheimer's diseas
35008653,pd
35008653,neurodegenerative diseas
35008653,al
35008653,neurodegenerative patholog
35008653,ad
35008653,parkinson's diseas
35008653,ndd
35805131,al
35805131,neurodegenerative diseas
35805131,amyotrophic lateral sclerosi
35805131,mitochondrial dysfunct
35335894,neurodegen
35335894,toxic
35335894,infectious diseas
35335894,microbial infect
35335894,inflamm
35335894,inflammatori
35335894,neurodegenerative diseas
35335894,infectious and neurodegenerative disord
35335894,infectious and neurodegenerative diseas
36293477,amyotrophic lateral sclerosi
36293477,tse
36293477,prion diseas
36293477,alzheimer'
36293477,prion-like diseas
36293477,huntington's diseas
36293477,transmissible spongiform encephalopathi
36293477,parkinson'
36293477,prion and prion-like neurodegenerative diseas
36260224,neurodegenerative diseas
32887381,neurodegenerative diseas
33924890,brain injuri
33924890,ms
33924890,ad
33924890,amyotrophic lateral sclerosi
33924890,alzheimer's diseas
33924890,neurodegener
33924890,spinal cord injuri
33924890,neurodegenerative diseas
33924890,al
33924890,neurodegenerative disord
33924890,central nervous system injuri
33924890,neuroinflamm
33924890,multiple sclerosi
35095273,genetic anomali
35095273,neuronal dysregul
35095273,age-related neurodegenerative diseas
35095273,neuronal death
35095273,neuronal malfunction and death
35095273,neuroinflamm
35095273,inflamm
35095273,neurodegenerative diseas
35095273,neuronal damag
35095273,ndd
35095273,loss of neuronal funct
32455165,parkinson
32455165,mitochondrial dysfunct
32455165,hd
32455165,neuronal diseas
32455165,neurodegenerative diseas
32455165,pd
32455165,al
32455165,mitochondrial disord
32455165,ad
33177049,tdp-43 proteinopathi
33177049,amyotrophic lateral sclerosi
33177049,neurodegener
33177049,neurodegenerative diseas
33177049,al
33177049,frontotemporal lobar degener
30877034,synaptic dysfunct
30877034,cognitive loss
30877034,mitochondrial dysfunct
30877034,alzheimer's diseas
30877034,mitochondrial fragment
30877034,ad
34054944,nd
34054944,amyotrophic lateral sclerosi
34054944,alzheimer's diseas
34054944,hd
34054944,pd
34054944,neurodegenerative diseas
34054944,al
34054944,neurological diseas
34054944,neurodegenerative disord
34054944,huntington's diseas
34054944,ad
34054944,parkinson's diseas
34054944,neurological impair
34502501,amyotrophic lateral sclerosi
34502501,mitochondrial dysfunct
34502501,neurodegenerative diseas
34502501,neurodegenerative patholog
34502501,alzheimer'
34502501,age-related and inherited neurogenerative diseas
34502501,huntington's diseas
34502501,neuroinflamm
34502501,parkinson'
34502501,neurological patholog
35659112,neurodegen
35659112,cerebral ischemia
35659112,amyotrophic lateral sclerosi
35659112,alzheimer's diseas
35659112,neuroinflammatori
35659112,neurodegenerative diseas
35659112,al
35659112,neurodegenerative disord
35659112,huntington's diseas
35659112,diseases of protein
35659112,parkinson's diseas
32922384,spinal cord les
32922384,cns injuri
32922384,amyotrophic lateral sclerosi
32922384,fibrosi
32922384,alzheimer's diseas
32922384,inflamm
32922384,neurodegenerative diseas
32922384,inflammatori
32922384,neurodegenerative condit
32922384,neurodegener
32922384,cns damag
32922384,multiple sclerosi
32922384,peripheral and central nervous system diseas
32922384,fibrotic scar
33158177,amyotrophic lateral sclerosi
33158177,neurodegener
33158177,al
33158177,neurodegenerative diseas
33158177,neurotox
31888221,nd
31888221,ms
31888221,seizur
31888221,dementia
31888221,amyotrophic lateral sclerosi
31888221,alzheimer's diseas
31888221,hd
31888221,pd
31888221,neurodegenerative diseas
31888221,al
31888221,huntington's diseas
31888221,ad
31888221,parkinson's diseas
31888221,multiple sclerosi
34441299,frontotemporal dementia
34441299,amyotrophic lateral sclerosis-frontotemporal spectrum disord
34441299,als-ftsd
34441299,dementia
34441299,amyotrophic lateral sclerosi
34441299,alzheimer's diseas
34441299,ftld
34441299,al
34441299,behavioral disord
34441299,cognitive and behavioral impair
34441299,ad
34441299,cognitive impair
34441299,behavioral impair
34057020,frontotemporal dementia
34057020,ftd
34057020,amyotrophic lateral sclerosi
34057020,sal
34057020,neurodegener
34057020,al
34057020,neurodegenerative condit
34057020,neurodegenerative diseas
34057020,sporadic
33339362,al
33339362,amyotrophic lateral sclerosi
37189749,advanced glycation endproduct
37189749,amyotrophic lateral sclerosi
37189749,diabet
37189749,alzheimer's diseas
37189749,neurological disord
37189749,inflamm
37189749,neurodegenerative diseas
37189749,inflammatori
37189749,traumatic brain injuri
37189749,neurological diseas
37189749,al
37189749,diabetic neuropathi
37189749,atherosclerosi
37189749,endothelial dysfunct
37189749,ad
37189749,age
37189749,tbi
31443476,cognitive and/or motor impair
31443476,neuronal death
31443476,neurodegenerative process
31443476,amyotrophic lateral sclerosi
31443476,alzheimer's diseas
31443476,neurodegener
31443476,neurodegenerative diseas
31443476,al
31443476,neuroinflamm
31443476,parkinson's diseas
31443476,excitotox
33158182,al
33158182,neurodegenerative condit
33158182,amyotrophic lateral sclerosi
33158182,neurodegener
29497380,cerebral blood vessel occlus
29497380,brain injuri
29497380,amyotrophic lateral sclerosi
29497380,spinal cord injuri
29497380,occlusion of the middle cerebral arteri
29497380,stroke
29497380,infarct
35684025,ad
35684025,amyotrophic lateral sclerosi
35684025,neurogenerative diseas
35684025,neurodegener
35684025,pd
35684025,neurodegenerative diseas
35684025,al
35684025,inflammatori
35684025,alzheimer'
35684025,neurodegenerative disord
35684025,neuroinflamm
35684025,parkinson'
31234550,toxic
31234550,amyotrophic lateral sclerosi
31234550,alzheimer's diseas
31234550,hd
31234550,pd
31234550,neurodegenerative diseas
31234550,al
31234550,huntington's diseas
31234550,ad
31234550,parkinson's diseas
36674643,mnd
36674643,spinal muscular atrophi
36674643,sma
36674643,amyotrophic lateral sclerosi
36674643,death
36674643,al
36674643,motor neuron diseas
36674643,neurodegenerative disord
36674643,genetic diseas
36674643,respiratory failur
35272709,familial
35272709,amyotrophic lateral sclerosi
35272709,paralysi
35272709,death
35272709,als-mn
35272709,al
35272709,inflammatori
35272709,neurodegenerative diseas
35272709,mn
35272709,respiratory failur
35272709,sporadic
34557668,amyotrophic lateral sclerosi
34557668,alzheimer's diseas
34557668,asymmetri
34557668,neurodegenerative diseas
34557668,parkinson's diseas
34557668,multiple sclerosi
31380411,al
31380411,neurodegenerative diseas
31380411,amyotrophic lateral sclerosi
33071748,neurodegenerative diseas
37323141,nd
37323141,amyotrophic lateral sclerosi
37323141,alzheimer's diseas
37323141,hd
37323141,pd
37323141,neurodegenerative diseas
37323141,al
37323141,huntington's diseas
37323141,ad
37323141,parkinson's diseas
36880056,misfold
36880056,nd
36880056,neuroinflamm
36880056,neimann-pick diseas
36880056,batten diseas
36880056,death
36880056,alzheimer's diseas
36880056,friedreich's ataxia
36880056,neurodegenerative diseas
36880056,neurodegener
36880056,prion diseas
36880056,huntington's diseas
36880056,motor neurone diseas
36880056,glaucoma
36880056,ad
36880056,parkinson's diseas
36880056,multiple sclerosi
36232693,neurodegenerative diseas
36232693,mtdna les
36232693,neurodegenerative disord
36232693,alzheimer's and parkinson's diseas
35889517,ms
35889517,amyotrophic lateral sclerosi
35889517,kidney ston
35889517,alzheimer's diseas
35889517,pd
35889517,neurodegenerative diseas
35889517,al
35889517,ad
35889517,parkinson's diseas
35889517,multiple sclerosi
34208136,nd
34208136,coronavirus disease 2019
34208136,infectious diseas
34208136,ad
34208136,amyotrophic lateral sclerosi
34208136,alzheimer's diseas
34208136,inflamm
34208136,neurodegenerative diseas
34208136,inflammatori
34208136,sars-cov-2 infect
34208136,pd
34208136,al
34208136,neuroinflamm
34208136,parkinson's diseas
34208136,covid-19
34925464,neurodegenerative diseas
34925464,al
34925464,amyotrophic lateral sclerosi
34925464,nd
37027074,ms
37027074,tumor
37027074,amyotrophic lateral sclerosi
37027074,alzheimer's diseas
37027074,hd
37027074,pd
37027074,neurodegenerative diseas
37027074,al
37027074,inflammatori
37027074,neurological diseas
37027074,huntington's diseas
37027074,ad
37027074,parkinson's diseas
37027074,multiple sclerosi
34527672,neuroinflamm
34527672,amyotrophic lateral sclerosi
34527672,alzheimer's diseas
34527672,neurological disord
34527672,pd
34527672,neurodegenerative diseas
34527672,al
34527672,hd
34527672,huntington's diseas
34527672,ad
34527672,parkinson's diseas
28703923,amyotrophic lateral sclerosi
28703923,alzheimer's diseas
28703923,neurodegenerative diseas
28703923,neurodegenerative disord
28703923,huntington's diseas
28703923,parkinson's diseas
30214078,neurodegenerative diseas
30214078,neurological disord
30214078,decline of the motor and/or cognitive funct
30214078,neurological symptom
35653060,al
35653060,neurodegenerative diseas
35653060,amyotrophic lateral sclerosi
35653060,motor neuron loss
32390854,neurodegenerative diseas
29331501,al
29331501,motor neuron diseas
29331501,amyotrophic lateral sclerosi
34360966,amyotrophic lateral sclerosi
34360966,alzheimer's diseas
34360966,hd
34360966,pd
34360966,neurodegenerative diseas
34360966,al
34360966,deterioration of neural funct
34360966,huntington's diseas
34360966,ad
34360966,parkinson's diseas
31263455,lateral amyotrophic sclerosi
31263455,malignant tumor
31263455,inflammatori
31263455,traumatic brain injuri
31263455,neurological diseas
31263455,neuroendocrine canc
31263455,neurodegenerative disord
31263455,oral diseas
31263455,oral and neurodegenerative diseas
31263455,periodont
31263455,neuroendocrine tumor
37207075,amyotrophic lateral sclerosi
37207075,neuronal loss and dysfunct
37207075,alzheimer's diseas
37207075,pd
37207075,neurodegenerative diseas
37207075,al
37207075,ad
37207075,parkinson's diseas
32983232,frontotemporal dementia
32983232,ftd
32983232,amyotrophic lateral sclerosi
32983232,neurodegener
32983232,al
32983232,inflammatori
32983232,frontotemporal dementia disord
37132460,multiple sclerosi
37132460,ndd
37132460,alzheimer's diseas
37132460,neurodegenerative diseas
37132460,huntington's diseas
37132460,vascular dysfunct
37132460,platelet hyperact
37132460,parkinson's diseas
37132460,vascular compl
31231190,neuroinflamm
31231190,hyperpolar
31231190,spinal muscular atrophi
31231190,toxic
31231190,sma
31231190,amyotrophic lateral sclerosi
31231190,alzheimer's diseas
31231190,neurological disord
31231190,pd
31231190,neurodegenerative diseas
31231190,al
31231190,depress
31231190,inflammatori
31231190,ion channel dysfunct
31231190,ad
31231190,dysfunction of i h
31231190,parkinson's diseas
31231190,neuronal deterior
32693579,neurodegenerative diseas
32693579,bipolar disord
32693579,cancer
32693579,chronic pain
36822211,spinal muscular atrophi
36822211,sma
36822211,amyotrophic lateral sclerosi
36822211,al
36822211,neurodegenerative diseas
36822211,motor neuron diseas
29479499,frontotemporal dementia
29479499,ftd
29479499,amyotrophic lateral sclerosi
29479499,al
29479499,neurodegenerative diseas
34373669,neurodegenerative diseas
34373669,neurodegenerative disord
34373669,neurotox
33732107,frontotemporal dementia
33732107,ftd
33732107,amyotrophic lateral sclerosi
33732107,al
33732107,neurodegenerative diseas
33732107,neuropathological diseas
31244593,frontotemporal dementia
31244593,ftd
31244593,amyotrophic lateral sclerosi
31244593,neurodegener
31244593,al
31244593,neurodegenerative diseas
31244593,neurodegenerative disord
30233055,prion-like neurodegenerative diseas
30233055,alzheimer's diseas
30233055,neurodegenerative diseas
30233055,prion diseas
30233055,neurodegenerative disord
30233055,transmissible spongiform encephalopathi
30233055,neurotoxic ag
30233055,parkinson's diseas
32954289,neurodegenerative diseas
32954289,neurodegener
31141951,al
31141951,neurodegenerative diseas
31141951,amyotrophic lateral sclerosi
34194489,neuroinflamm
34194489,pd
34194489,neurodegenerative diseas
34194489,al
34194489,ad
34194489,ndd
30175288,neurodegenerative diseas
30175288,nd
29885742,amyotrophic lateral sclerosi
29885742,alzheimer's diseas
29885742,hd
29885742,neurodegenerative diseas
29885742,al
29885742,huntington's diseas
29885742,ad
32455791,al
32455791,neurodegenerative diseas
32455791,amyotrophic lateral sclerosi
28521682,toxic
28521682,neurodegener
28521682,pd
28521682,neurodegenerative diseas
28521682,alzheimer'
28521682,neurodegenerative disord
28521682,ad
28521682,parkinson'
33375558,neurodegenerative diseas
33375558,neurogenerative diseas
33652720,toxic
33652720,amyotrophic lateral sclerosi
33652720,alzheimer's diseas
33652720,hd
33652720,pd
33652720,neurodegenerative diseas
33652720,al
33652720,huntington's diseas
33652720,ad
33652720,parkinson's diseas
33126923,frontotemporal dementia
33126923,tdp-43 proteinopathi
33126923,tdp-43-related diseas
33126923,amyotrophic lateral sclerosi
33126923,alzheimer's diseas
33126923,mitochondrial dysfunct
33126923,neurodegenerative diseas
33126923,degenerative and acute diseas
33126923,necrosi
36339574,neurons degener
36339574,amyotrophic lateral sclerosi
36339574,paralysi
36339574,motor neuron degener
36339574,al
36339574,neurodegenerative diseas
29243911,proteinopathi
29243911,neurodegenerative disease proteinopathi
29243911,amyotrophic lateral sclerosi
29243911,neurodegener
29243911,pd
29243911,al
29243911,neurodegenerative diseas
29243911,bodi
29243911,parkinson's diseas
31463415,amyotrophic lateral sclerosi
31463415,alzheimer's diseas
31463415,stroke
31463415,ms
31463415,cns diseas
31463415,pd
31463415,huntington's diseas
31463415,ad
31463415,multiple sclerosi
31463415,cardiovascular disord
31463415,traumatic brain injuri
31463415,parkinson's diseas
31463415,tbi
31463415,cns disord
31463415,neurological disord
31463415,hd
31463415,neurodegenerative diseas
31463415,al
31463415,spinal cord injuri
31463415,neurological diseas
31463415,cerebrovascular diseas
31463415,brain diseas
31463415,cns degener
31463415,neurotox
29403354,ftd
29403354,weight gain
29403354,amyotrophic lateral sclerosi
29403354,weight loss
29403354,alzheimer's diseas
29403354,hd
29403354,hypothalamic defect
29403354,neurodegenerative diseas
29403354,al
29403354,huntington's diseas
29403354,neuronal loss
29403354,loss of fat mass
29403354,ad
29403354,neurological symptom
29403354,of brain structur
29403354,ndd
29403354,fronto-temporal dementia
36986629,neurodegenerative diseas
36674517,neurodegen
36674517,clostridium difficile infect
36674517,neurological disord
36674517,neurodegenerative diseas
36674517,neurological diseas
36674517,neurological and other diseas
29342921,spinal muscular atrophi
29342921,motor diseas
29342921,amyotrophic lateral sclerosi
29342921,al
29342921,neurodegenerative diseas
29342921,neurodegenerative disord
31372185,neurodegenerative diseas
31372185,neurodegenerative disord
32198562,amyotrophic lateral sclerosi
32198562,neurodegener
32198562,parkinson diseas
32198562,neurodegenerative diseas
32198562,pd
32198562,al
32198562,degener
32198562,alzheimer diseas
32198562,ad
33839324,al
33839324,amyotrophic lateral sclerosi
33839324,sporadic diseas
34194298,neurodegenerative diseas
34194298,ndd disord
34194298,ndd
30352259,frontotemporal dementia
30352259,ataxia
30352259,neuropathi
30352259,ftd
30352259,amyotrophic lateral sclerosi
30352259,pd
30352259,neurodegenerative diseas
30352259,al
30352259,neurodegenerative disord
30352259,parkinson's diseas
37177342,neurodegenerative diseas
37177342,"memory, movement, language, and intelligence impair"
37177342,neurological disord
34801556,neurodegenerative diseas
34801556,amyotrophic lateral sclerosi
34801556,jbc
34801556,neurotox
37892126,nd
37892126,ms
37892126,neurodegen
37892126,multiple sclerosi
37892126,amyotrophic lateral sclerosi
37892126,alzheimer's diseas
37892126,hd
37892126,inflamm
37892126,neurodegenerative diseas
37892126,pd
37892126,al
37892126,inflammatori
37892126,huntington's diseas
37892126,neuronal loss
37892126,ad
37892126,parkinson's diseas
37892126,excitotox
30760643,frontotemporal dementia
30760643,ms
30760643,ftd
30760643,lewy body dementia
30760643,amyotrophic lateral sclerosi
30760643,alzheimer's diseas
30760643,lbd
30760643,neurodegenerative diseas
30760643,pd
30760643,al
30760643,ad
30760643,parkinson's diseas
30760643,multiple sclerosi
36012563,amyotrophic lateral sclerosi
36012563,pd
36012563,neurodegenerative diseas
36012563,al
36012563,parkinson's diseas
35714755,al
35714755,neurodegenerative diseas
35714755,amyotrophic lateral sclerosi
31926602,al
31926602,neurodegenerative diseas
31926602,amyotrophic lateral sclerosi
35064780,al
35064780,neuron
35064780,amyotrophic lateral sclerosi
35064780,degeneration of
32739173,amyotrophic lateral sclerosi
32739173,neurodegener
32739173,gaucher diseas
32739173,neurodegenerative diseas
32739173,al
32739173,motor neuron diseas
32739173,parkinson'
29542412,amyotrophic lateral sclerosi
29542412,alzheimer's diseas
29542412,neurodegenerative diseas
29542412,al
29542412,alzheimer'
29542412,huntington's diseas
29542412,parkinson'
29542412,parkinson's diseas
32390802,neuronal funct
32390802,ad
32390802,amyotrophic lateral sclerosi
32390802,mitochondrial dysfunct
32390802,neuronal damag
32390802,alzheimer's diseas
32390802,neurodegenerative diseas
32390802,al
32390802,neurodegenerative disord
32390802,neuronal loss
32390802,loss
32390802,epilepsi
32390802,excitotox
32390802,neurotox
36430421,amyotrophic lateral sclerosi
36430421,alzheimer's diseas
36430421,hd
36430421,pd
36430421,neurodegenerative diseas
36430421,al
36430421,huntington's diseas
36430421,neuronal loss
36430421,ad
36430421,parkinson's diseas
33809730,fal
33809730,amyotrophic lateral sclerosi
33809730,sal
33809730,al
33809730,neurodegenerative diseas
33809730,motor neuron diseas
33809730,respiratory failur
29981842,al
29981842,neurodegenerative diseas
29981842,amyotrophic lateral sclerosi
29981842,muscle atrophi
33797386,nd
33797386,dementia
33797386,central nervous system (cns) disord
33797386,neurodegenerative diseas
33797386,motor dysfunct
32089764,neurological deterior
32089764,amyotrophic lateral sclerosi
32089764,paralysi
32089764,death
32089764,neurodegener
32089764,al
32089764,inflammatori
32089764,neurodegenerative disord
33390807,alzheimer's diseas
33390807,neurodegener
33390807,pd
33390807,neurodegenerative diseas
33390807,ad
33390807,parkinson's diseas
33390807,amyotrophic lateral sclerosis/frontotemporal dementia (als/ftd) spectrum diseas
32784556,amyotrophic lateral sclerosi
32784556,death
32784556,alzheimer's diseas
32784556,neurodegenerative diseas
32784556,impairments in movement or mental funct
32784556,vascular dementia
32784556,neurodegenerative disord
32784556,huntington's diseas
32784556,neuroinflamm
32784556,parkinson's diseas
32784556,multiple sclerosi
34045943,neuroinflamm
34045943,cns diseas
34045943,amyotrophic lateral sclerosi
34045943,alzheimer's diseas
34045943,neurological disord
34045943,pd
34045943,neurodegenerative diseas
34045943,al
34045943,neurodegenerative disord
34045943,ad
34045943,parkinson's diseas
33280374,nd
33280374,amyotrophic lateral sclerosi
33280374,alzheimer's diseas
33280374,neurodegener
33280374,pd
33280374,neurodegenerative diseas
33280374,al
33280374,ad
33280374,parkinson's diseas
35039149,neuronal ceroid lipofuscinosi
35039149,frontotemporal dementia-grn
35039149,ftd
35039149,amyotrophic lateral sclerosi
35039149,alzheimer's diseas
35039149,inflamm
35039149,neurodegenerative diseas
35039149,ftd-grn
35039149,al
35039149,encephalopathi
35039149,parkinson's diseas
34827556,neuro-thromboinflamm
34827556,amyotrophic lateral sclerosi
34827556,neurotrauma
34827556,al
34827556,neurodegenerative diseas
34827556,neurodegenerative disord
34122008,amyotrophic lateral sclerosi
34122008,alzheimer's diseas
34122008,neurodegenerative diseas
34122008,astrogliosi
34122008,huntington's diseas
34122008,parkinson's diseas
32791113,nd
32791113,amyotrophic lateral sclerosi
32791113,alzheimer's diseas
32791113,neurodegenerative diseas
32791113,huntington's diseas
32791113,parkinson's diseas
36729638,neurodegenerative diseas
36729638,ataxia
36729638,multisystemic disord
36729638,friedreich's ataxia
30027910,neurodegenerative diseas
30027910,parkinson's diseas
30027910,amyotrophic lateral sclerosi
30027910,alzheimer's diseas
36536341,motor neuron death
36536341,amyotrophic lateral sclerosi
36536341,paralysi
36536341,motor neuron degener
36536341,al
36536341,neurodegenerative disord
35204078,neurodegenerative diseas
35204078,amyotrophic lateral sclerosi
35204078,mitochondrial dysfunct
32825423,neurodegenerative il
32825423,amyotrophic lateral sclerosi
32825423,ischemia
32825423,status epilepticu
32825423,neurodegener
32825423,alzheimer's diseas
32825423,neurodegenerative diseas
32825423,inflammatori
32825423,necrosi
32825423,parkinson's diseas
32825423,cns damag
32825423,multiple sclerosi
32825423,neuropathic pain
35012575,amyotrophic lateral sclerosi
35012575,al
35012575,neurodegenerative diseas
35012575,mn
35012575,neurotox
35563497,neurodegenerative diseas
35563497,chorea-acanthocytosi
35563497,neurological diseas
29560813,spinocerebellar ataxia type 2
29560813,spinal muscular atrophi
29560813,sca2
29560813,sma
29560813,amyotrophic lateral sclerosi
29560813,hd
29560813,neurodegenerative diseas
29560813,al
29560813,huntington's diseas
29560813,spinocerebellar ataxia
29560813,rna abnorm
36875645,lysosomal storage diseas
36875645,deficits of neuronal funct
36875645,amyotrophic lateral sclerosi
36875645,hsan
36875645,hsp
36875645,friedreich's ataxia
36875645,neurodegenerative diseas
36875645,hereditary sensory and autonomous neuropathi
36875645,lsd
36875645,hereditary spastic paraplegia
36875645,al
36875645,pd
36875645,parkinson's diseas
36875645,ndd
36875645,inad
36875645,infantile neuroaxonal dystrophi
36875645,frda
37390744,alzheimer s diseas
37390744,parkinson s diseas
37390744,amyotrophic lateral sclerosi
37390744,neurodegeneration-associated disord
37390744,hd
37390744,pd
37390744,neurodegenerative diseas
37390744,al
37390744,inflammatori
37390744,neurodegener
37390744,huntington s diseas
37390744,cancer
37390744,ad
31689925,chronic diseas
31689925,respiratory disord
31689925,amyotrophic lateral sclerosi
31689925,inflamm
31689925,al
31689925,motor neuron diseas
31689925,muscle paralysi
31500113,mnd
31500113,spinal muscular atrophi
31500113,amyotrophic lateral sclerosi
31500113,al
31500113,motor neuron diseas
31203387,huntington diseas
31203387,alzheimer's diseas
31203387,neurodegenerative diseas
31203387,motor neuron diseas
31203387,neurodegenerative disord
31203387,parkinson's diseas
35629192,nd
35629192,amyotrophic lateral sclerosi
35629192,alzheimer's diseas
35629192,pd
35629192,neurodegenerative diseas
35629192,al
35629192,ad
35629192,parkinson's diseas
33812000,frontotemporal dementia
33812000,ftd
33812000,amyotrophic lateral sclerosi
33812000,neurodegener
33812000,neurodegenerative diseas
33812000,al
33812000,lysosomal dysfunct
33812000,neurodegenerative disord
33812000,alzheimer'
33812000,parkinson'
33812000,lysosome dysfunct
32848579,frontotemporal dementia
32848579,ftd
32848579,toxic
32848579,amyotrophic lateral sclerosi
32848579,paralysi
32848579,pd
32848579,al
32848579,neurodegenerative diseas
32848579,alzheimer diseas
32848579,ad
32848579,als diseas
32848579,parkinson's diseas
37152054,tumor
37152054,neuro-degenerative diseas
37152054,neurodegenerative diseas
37152054,cancer
37152054,proteotox
37163436,nd
37163436,neuronal degener
37163436,aging & diseas
37163436,neurodegenerative diseas
37163436,age-related neurodegener
37163436,mitochondria
35710076,pain
35710076,ms
35710076,amyotrophic lateral sclerosi
35710076,alzheimer's diseas
35710076,pd
35710076,neurodegenerative diseas
35710076,inflammatori
35710076,al
35710076,neurodegenerative disord
35710076,ad
35710076,parkinson's diseas
35710076,multiple sclerosi
30801863,frontotemporal dementia
30801863,ftd
30801863,amyotrophic lateral sclerosi
30801863,alzheimer's diseas
30801863,neurodegener
30801863,neurodegenerative diseas
30801863,inflammation of the brain
30801863,neuroinflamm
30801863,synapse loss
30801863,parkinson's diseas
35009270,amyotrophic lateral sclerosi
35009270,paralysi
35009270,death
35009270,al
35009270,neurodegenerative diseas
35009270,muscle atrophi
35009270,respiratory failur
32638706,frontotemporal dementia
32638706,nd
32638706,neuronal death
32638706,amyotrophic lateral sclerosi
32638706,alzheimer's diseas
32638706,pd
32638706,neurodegenerative diseas
32638706,al
32638706,prion diseas
32638706,neurodegenerative disord
32638706,huntington's diseas
32638706,ad
32638706,parkinson's diseas
33736701,al
33736701,neurodegenerative diseas
33736701,amyotrophic lateral sclerosi
34372914,pain
34372914,saliv
34372914,amyotrophic lateral sclerosi
34372914,paralysi
34372914,neurodegener
34372914,al
34372914,neurodegenerative diseas
34372914,muscle cramp
34372914,spastic
36527565,amyotrophic lateral sclerosi
36527565,alzheimer's diseas
36527565,pd
36527565,neurodegenerative diseas
36527565,al
36527565,neurodegenerative disord
36527565,ad
36527565,parkinson's diseas
35334234,neurodegenerative diseas
35334234,neurological il
35334234,amyotrophic lateral sclerosi
35334234,neurodegener
34054432,frontotemporal dementia
34054432,ms
34054432,ftd
34054432,amyotrophic lateral sclerosi
34054432,alzheimer's diseas
34054432,pd
34054432,neurodegenerative diseas
34054432,al
34054432,ad
34054432,parkinson's diseas
34054432,multiple sclerosi
33671500,neurodegenerative diseas
33671500,neurodegenerative disord
33671500,paralysi
33671500,loss of cognition and sens
36740554,frontotemporal dementia
36740554,ftd
36740554,amyotrophic lateral sclerosi
36740554,alzheimer's diseas
36740554,pd
36740554,neurodegenerative diseas
36740554,al
36740554,ad
36740554,parkinson's diseas
34573888,mnd
34573888,sporadic and familial
34573888,lou gehrig's diseas
34573888,amyotrophic lateral sclerosi
34573888,mitochondrial dysfunct
34573888,al
34573888,motor neuronal degener
34573888,motor neuron diseas
34573888,inflammatori
34573888,neuroinflamm
31179783,neurodegenerative diseas
31179783,deterioration of cognitive or motor funct
31179783,neuronal death
31179783,neurodegener
31936292,age-related neurodegenerative diseas
31936292,amyotrophic lateral sclerosi
31936292,mitochondrial dysfunct
31936292,alzheimer's diseas
31936292,neurodegenerative diseas
31936292,huntington's diseas
31936292,parkinson's diseas
35783556,prion
35783556,creutzfeldt-jakob diseas
35783556,wasting of muscl
35783556,amyotrophic lateral sclerosi
35783556,paralysi
35783556,al
35783556,neurodegenerative diseas
35783556,muscle weak
35783556,sarcoma
35783556,alzheimer's and parkinson's diseas
35890313,neurodegenerative diseas
35890313,al
35890313,amyotrophic lateral sclerosi
36110516,toxic
36110516,amyotrophic lateral sclerosi
36110516,acut
36110516,stbi
36110516,inflamm
36110516,neurodegenerative diseas
36110516,traumatic brain injuri
36110516,al
36110516,neurodegenerative condit
35756499,nd
35756499,amyotrophic lateral sclerosi
35756499,alzheimer's diseas
35756499,hd
35756499,pd
35756499,neurodegenerative diseas
35756499,al
35756499,huntington's diseas
35756499,ad
35756499,parkinson's diseas
29323772,amyotrophic lateral sclerosi
29323772,alzheimer's diseas
29323772,inflamm
29323772,neurodegenerative diseas
29323772,friedreich's ataxia
29323772,neurodegenerative disord
29323772,huntington's diseas
32257625,myelination disord
32257625,"loss of vision, mot"
32257625,mitochondrial dysfunct
32257625,system
32257625,neurodegenerative diseas
32257625,neuroinflammatory diseas
32257625,central nervous system disord
32257625,disorders of myelin
33804658,amyotrophic lateral sclerosi
33804658,alzheimer's diseas
33804658,neurodegener
33804658,pd
33804658,neurodegenerative diseas
33804658,al
33804658,inflammatori
33804658,ad
33804658,parkinson's diseas
31054608,amyotrophic lateral sclerosi
31054608,parkinson diseas
31054608,neurodegenerative diseas
31054608,multiple system atrophi
31054608,alzheimer diseas
31054608,neuroinflamm
36751779,amyotrophic lateral sclerosi
36751779,alzheimer's diseas
36751779,neurodegenerative diseas
36751779,huntington's diseas
36751779,parkinson's diseas
31252669,sporadic amyotrophic lateral sclerosi
31252669,amyotrophic lateral sclerosi
31252669,parkinson diseas
31252669,neurodegenerative diseas
31252669,pd
31252669,al
31252669,alzheimer diseas
31252669,ad
31792092,huntington diseas
31792092,amyotrophic lateral sclerosi
31792092,parkinson diseas
31792092,neurodegenerative diseas
31792092,al
31792092,alzheimer diseas
32029967,amyotrophic lateral sclerosi
32029967,mitochondrial dysfunct
32029967,al
32029967,neurodegenerative diseas
32029967,excitotox
33659944,al
33659944,neurodegenerative diseas
33659944,amyotrophic lateral sclerosi
33659944,neuroinflamm
31892254,neurodegenerative diseas
31892254,cancer
31892254,ndd
31892254,neurodegener
33202952,amyotrophic lateral sclerosi
33202952,alzheimer's diseas
33202952,pd
33202952,neurodegenerative diseas
33202952,al
33202952,ad
33202952,parkinson's diseas
33202952,ndd
35257286,amyotrophic lateral sclerosi
35257286,alzheimer's diseas
35257286,neurodegenerative diseas
35257286,al
35257286,neurodegenerative disord
35257286,parkinson's diseas
35250543,neuroinflamm
35250543,ms
35250543,amyotrophic lateral sclerosi
35250543,alzheimer's diseas
35250543,pd
35250543,neurodegenerative diseas
35250543,al
35250543,inflammatori
35250543,inflamm
35250543,ad
35250543,parkinson's diseas
35250543,multiple sclerosi
35250543,neurotox
36660079,neuro-inflamm
36660079,amyotrophic lateral sclerosi
36660079,al
36660079,neurodegenerative diseas
36660079,non-demyelinating motor disord
36660079,neuroinflamm
36660079,excitotox
36660079,ailment
29593436,al
29593436,amyotrophic lateral sclerosi
33725356,age-related neurodegenerative diseas
33725356,amyotrophic lateral sclerosi
33725356,alzheimer's diseas
33725356,pd
33725356,monogen
33725356,neurodegenerative diseas
33725356,al
33725356,ad
33725356,parkinson's diseas
37686104,neurodegenerative diseas
37686104,neuronal loss or death
37686104,dysbiosi
37686104,neurodegener
33642365,fragile x syndrom
33642365,spinal muscular atrophi
33642365,amyotrophic lateral sclerosi
33642365,alzheimer's diseas
33642365,neurodegenerative diseas
35645791,amyotrophic lateral sclerosi
35645791,alzheimer's diseas
35645791,neuroinflammatori
35645791,neurodegenerative diseas
35645791,huntington's diseas
35645791,neuroinflamm
35645791,parkinson's diseas
31326236,diabet
31326236,alzheimer's diseas
31326236,neurodegenerative diseas
31326236,leprosi
31326236,inflammatory bowel diseas
31037649,nd
31037649,ms
31037649,amyotrophic lateral sclerosi
31037649,dementia
31037649,alzheimer's diseas
31037649,pd
31037649,neurodegenerative diseas
31037649,al
31037649,prion diseas
31037649,ad
31037649,parkinson's diseas
31037649,multiple sclerosi
37781096,neuroinflamm
37781096,amyotrophic lateral sclerosi
37781096,alzheimer's diseas
37781096,hd
37781096,pd
37781096,neurodegenerative diseas
37781096,al
37781096,mitochondrial dysfunct
37781096,huntington's diseas
37781096,ad
37781096,parkinson's diseas
37781096,ndd
36226313,nd
36226313,skin diseas
36226313,amyotrophic lateral sclerosi
36226313,alzheimer's diseas
36226313,condit
36226313,psoriasi
36226313,neurodegenerative diseas
36226313,inflammatori
36226313,pd
36226313,al
36226313,inflamm
36226313,psoriat
36226313,ad
36226313,parkinson's diseas
36226313,cardiometabolic disord
31631821,nd
31631821,neuronal impair
31631821,hd
31631821,pd
31631821,neurodegenerative diseas
31631821,al
31631821,ad
31631821,neurological patholog
31631821,functional loss
34663413,degenerative diseas
34663413,amyotrophic lateral sclerosi
34663413,al
34663413,neurodegenerative diseas
34663413,mn
34663413,degeneration and death of motor neuron
33384581,diabetic retinopathi
33384581,retinopathi
33384581,ischemia
33384581,neurodegener
33384581,neurodegenerative diseas
33384581,neuronal damag
33384581,parkinson's diseas
32528949,alzheimer's diseas
32528949,neurodegenerative diseas
32528949,inflammatori
32528949,prion diseas
32528949,neurodegenerative disord
32528949,parkinson's diseas
32528949,multiple sclerosi
30468382,mnd
30468382,amyotrophic lateral sclerosi
30468382,death
30468382,neurodegenerative diseas
30468382,al
30468382,motor neuron diseas
30468382,als diseas
30468382,respiratory failur
30468382,multiple sclerosi
29187283,amyotrophic lateral sclerosi
29187283,brain disord
29187283,neurodegenerative diseas
29187283,al
29187283,prion diseas
29187283,alzheimer'
29187283,huntington'
29187283,parkinson'
29187283,ndd
32411012,huntington diseas
32411012,mm
32411012,neurological dysfunct
32411012,amyotrophic lateral sclerosi
32411012,alzheimer's diseas
32411012,hd
32411012,pd
32411012,neurodegenerative diseas
32411012,al
32411012,neuronal apoptosi
32411012,neurodegenerative disord
32411012,ad
32411012,parkinson's diseas
32411012,multiple myeloma
32411012,neurotox
37113148,microbial dysbiosi
37113148,ms
37113148,amyotrophic lateral sclerosi
37113148,alzheimer's diseas
37113148,pd
37113148,neurodegenerative diseas
37113148,al
37113148,neurodegenerative disord
37113148,ad
37113148,parkinson's diseas
37113148,multiple sclerosi
33806691,neurodegenerative diseas
33806691,alzheimer'
33806691,alzheimer's and oth
36122597,amyotrophic lateral sclerosi
36122597,alzheimer's diseas
36122597,hd
36122597,pd
36122597,neurodegenerative diseas
36122597,inflammatori
36122597,al
36122597,neurodegenerative disord
36122597,huntington's diseas
36122597,cancer
36122597,ad
36122597,obes
36122597,parkinson's diseas
34677606,frontotemporal dementia
34677606,rem sleep behaviour disord
34677606,spinal muscular atrophi
34677606,motor impair
34677606,amyotrophic lateral sclerosi
34677606,alzheimer's diseas
34677606,atrophi
34677606,behavioural impair
34677606,neurodegenerative diseas
34677606,huntington's diseas
34677606,amyloid
34677606,cognitive and behavioural impair
34677606,cognitive impair
34677606,parkinson's diseas
34680401,brain diseas
34680401,hormesi
34680401,amyotrophic lateral sclerosi
34680401,alzheimer's diseas
34680401,neurodegener
34680401,neurological disord
34680401,neurodegenerative diseas
34680401,inflammatori
34680401,prion diseas
34680401,huntington's diseas
34680401,parkinson's diseas
36676070,glutam
36676070,amyotrophic lateral sclerosi
36676070,mitochondrial dysfunct
36676070,neurodegenerative diseas
36676070,al
36676070,motor neuron diseas
36676070,excitotox
31867326,neuronal injuri
31867326,neurological disord
31867326,inflamm
31867326,neurodegenerative diseas
31867326,inflammatori
31867326,neurological diseas
31867326,neuronal excitotox
31867326,neuroinflamm
31867326,synapse loss
31867326,multiple myeloma
31867326,psoriatic arthr
32344649,amyotrophic lateral sclerosi
32344649,alzheimer's diseas
32344649,spinocerebellar atrophi
32344649,neurodegenerative diseas
32344649,al
32344649,zika virus infect
32344649,ad
32344649,neurologic disord
32344649,sca
29462608,frontotemporal dementia
29462608,spinal muscular atrophi
29462608,ftd
29462608,sma
29462608,amyotrophic lateral sclerosi
29462608,alzheimer's diseas
29462608,neurodegenerative diseas
29462608,al
29462608,ad
34016162,spinal muscular atrophi
34016162,alzheimer's diseas
34016162,neurodegenerative diseas
34016162,neurodegenerative disord
34016162,parkinson's diseas
31283897,spinal muscular atrophi
31283897,amyotrophic lateral sclerosi
31283897,alzheimer's diseas
31283897,neurodegenerative diseas
31283897,neurological diseas
31283897,huntington's diseas
35185590,amyotrophic lateral sclerosi
35185590,endoplasmic reticulum
35185590,alzheimer's diseas
35185590,pd
35185590,neurodegenerative diseas
35185590,inflammatori
35185590,al
35185590,ad
35185590,parkinson's diseas
31801298,neurodegen
31801298,neuronal death
31801298,ad
31801298,amyotrophic lateral sclerosi
31801298,mitochondrial dysfunct
31801298,neurodegener
31801298,pd
31801298,neurodegenerative diseas
31801298,neurodegenerative condit
31801298,al
31801298,neurodegenerative disord
31801298,alzheimer'
31801298,huntington's (hd) diseas
31801298,neuroinflamm
31801298,parkinson'
37697342,amyotrophic lateral sclerosi
37697342,alzheimer's diseas
37697342,neurodegenerative diseas
37697342,huntington's diseas
37697342,parkinson's diseas
34964422,al
34964422,neurodegenerative diseas
34964422,amyotrophic lateral sclerosi
34964422,ddi
36012622,lewy body dementia
36012622,amyotrophic lateral sclerosi
36012622,synucleinopathy disord
36012622,al
36012622,motor neuron diseas
36012622,neurodegenerative disord
36012622,multiple system atrophi
36012622,bodi
36012622,parkinson's diseas
36012622,neurodegenerative and neuromuscular disord
36012622,synucleinopathi
35380400,nervous systems disord
35380400,amyotrophic lateral sclerosi
35380400,alzheimer's diseas
35380400,neurological disord
35380400,pd
35380400,neurodegenerative diseas
35380400,inflammatori
35380400,al
35380400,stroke
35380400,male infertil
35380400,neurodegener
35380400,ad
35380400,parkinson's diseas
28831921,amyotrophic lateral sclerosi
28831921,alzheimer's diseas
28831921,pd
28831921,neurodegenerative diseas
28831921,spinal cerebellar ataxia
28831921,spinal and bulbar muscular atrophi
28831921,ad
28831921,parkinson's diseas
34827436,amyotrophic lateral sclerosi
34827436,alzheimer's diseas
34827436,hd
34827436,pd
34827436,neurodegenerative diseas
34827436,al
34827436,neurodegenerative disord
34827436,huntington's diseas
34827436,ad
34827436,parkinson's diseas
33912016,neuron
33912016,prion
33912016,neuronal death
33912016,toxic
33912016,alzheimer's diseas
33912016,neurodegenerative diseas
33912016,prion diseas
33912016,alzheimer'
33912016,amyloid
33912016,neurotoxic amyloid
33912016,neuroinflamm
33912016,parkinson's diseas
35159225,amyotrophic lateral sclerosi
35159225,paralysi
35159225,mitochondrial dysfunct
35159225,inflamm
35159225,neurodegenerative diseas
35159225,weak
35159225,loss of voluntary muscle funct
35159225,excitotox
35894182,neurodegen
35894182,neurodegeneration diseas
35894182,neurodegener
35894182,neurodegenerative diseas
35894182,age-related central neurodegenerative diseas
35894182,alzheimer's and parkinson's diseas
34350048,neurogenerative diseas
34350048,alzheimer's diseas
34350048,neurodegenerative diseas
34350048,neurodegenerative disord
34350048,parkinson's diseas
33573368,nd
33573368,ms
33573368,neuron death
33573368,ad
33573368,amyotrophic lateral sclerosi
33573368,alzheimer's diseas
33573368,neurodegener
33573368,inflamm
33573368,neurodegenerative diseas
33573368,pd
33573368,al
33573368,hd
33573368,huntington's diseas
33573368,neuroinflamm
33573368,parkinson's diseas
33573368,multiple sclerosi
33573368,neurotox
32308803,amyotrophic lateral sclerosi
32308803,alzheimer's diseas
32308803,neurological disord
32308803,neurodegenerative diseas
32308803,protein dysfunct
32308803,parkinson's diseas
30463642,inflammatori
30463642,al
30463642,neurodegenerative diseas
30463642,toxic
36555492,amyotrophic lateral sclerosi
36555492,mitochondria dysfunct
36555492,friedreich's ataxia
36555492,neurodegenerative diseas
36555492,alzheimer'
36555492,neurodegenerative disord
36555492,parkinson'
29751602,alzheimer&rsquo;s diseas
29751602,parkinson&rsquo;s diseas
29751602,amyotrophic lateral sclerosi
29751602,death
29751602,huntington&rsquo;s diseas
29751602,neurodegenerative diseas
29751602,multiple sclerosi
36353727,neurodegenerative diseas
36353727,parkinson's diseas
36353727,amyotrophic lateral sclerosi
36353727,alzheimer's diseas
33997159,neurodegenerative diseas
33997159,nd
36703583,neuronal death
36703583,cerebral ischemia
36703583,amyotrophic lateral sclerosi
36703583,alzheimer's diseas
36703583,neurological disord
36703583,neurodegenerative diseas
36703583,al
36703583,huntington's diseas
36703583,parkinson's diseas
36703583,epilepsi
33815055,pathological dysfunct
33815055,amyotrophic lateral sclerosi
33815055,alzheimer's diseas
33815055,hd
33815055,pd
33815055,neurodegenerative diseas
33815055,al
33815055,huntington's diseas
33815055,neuronal loss
33815055,ad
33815055,parkinson's diseas
33815055,ndd
33526943,neurodegenerative diseas
33526943,spinal muscular atrophi
34575995,amyotrophic lateral sclerosi
34575995,mitochondrial dysfunct
34575995,neurodegener
34575995,inflamm
34575995,al
34575995,neurodegenerative motor neuron disord
34575995,excitotox
33387580,neurodegenerative ail
33387580,neuronal death
33387580,amyotrophic lateral sclerosi
33387580,cns disord
33387580,alzheimer's diseas
33387580,pd
33387580,neurodegenerative diseas
33387580,stroke
33387580,hd
33387580,al
33387580,neurodegener
33387580,ad
33387580,parkinson's diseas
33387580,huntington
36523957,ms
36523957,amyotrophic lateral sclerosi
36523957,alzheimer's diseas
36523957,mitochondrial dysfunct
36523957,neurodegener
36523957,neurodegenerative diseas
36523957,inflamm
36523957,al
36523957,ad
36523957,multiple sclerosi
36523957,age-related disord
32244957,motoneuron degener
32244957,amyotrophic lateral sclerosi
32244957,neurodegenerative diseas
32244957,al
32244957,inflammatori
32244957,neurodegenerative disord
32244957,stress-related diseas
35691950,spinal muscular atrophi
35691950,sma
35691950,amyotrophic lateral sclerosi
35691950,mitochondrial patholog
35691950,al
35691950,motor neuron diseas
35691950,respiratory failur
32466216,neuronal degener
32466216,spinal muscular atrophi
32466216,mitochondrial funct
32466216,amyotrophic lateral sclerosi
32466216,mitochondrial dysfunct
32466216,neurodegener
32466216,neurodegenerative diseas
32466216,alzheimer'
32466216,huntington'
32466216,parkinson'
32466216,impair
33329356,"neuropsychological, behavioral, speech and language deficit"
33329356,cte-al
33329356,als-ftsd
33329356,amyotrophic lateral sclerosi
33329356,als frontotemporal spectrum disord
33329356,al
33329356,neurodegenerative diseas
33329356,chronic traumatic encephalopathy with
32993098,al
32993098,neurodegenerative diseas
32993098,amyotrophic lateral sclerosi
32993098,motor neuron degener
34623437,neuronal death
34623437,amyotrophic lateral sclerosi
34623437,alzheimer's diseas
34623437,neurodegener
34623437,pd
34623437,al
34623437,neurodegenerative diseas
34623437,neurodegenerative disord
34623437,age-associated neurodegenerative diseas
34623437,ad
34623437,parkinson's diseas
32046060,amyotrophic lateral sclerosi
32046060,mitochondrial dysfunct
32046060,al
32046060,neurodegenerative diseas
32046060,neurodegenerative disord
32854418,prions diseas
32854418,amyotrophic lateral sclerosi
32854418,alzheimer's diseas
32854418,neurodegener
32854418,neurodegenerative diseas
32854418,neurodegenerative disord
32854418,parkinson's diseas
35563107,amyotrophic lateral sclerosi
35563107,alzheimer's diseas
35563107,neurodegenerative diseas
35563107,neurodegenerative disord
35563107,huntington's diseas
35563107,parkinson's diseas
35563107,multiple sclerosi
32184709,cns diseas
32184709,central nervous system (cns) diseas
32184709,amyotrophic lateral sclerosi
32184709,alzheimer's diseas
32184709,pd
32184709,neurodegenerative diseas
32184709,al
32184709,ad
32184709,parkinson's diseas
37641443,al
37641443,neurodegenerative diseas
37641443,amyotrophic lateral sclerosi
30713762,neurodegenerative diseas
30713762,neurodegenerative process
30713762,proteinopathi
32833122,neurodegenerative diseas
32833122,neurodegenerative disord
32833122,ndd
32833122,neuronal demis
29063348,neuroinflamm
29063348,amyotrophic lateral sclerosi
29063348,alzheimer's diseas
29063348,neurodegener
29063348,pd
29063348,neurodegenerative diseas
29063348,al
29063348,inflammatori
29063348,ad
29063348,parkinson's diseas
29063348,multiple sclerosi
34202494,immune disord
34202494,amyotrophic lateral sclerosi
34202494,paralysi
34202494,al
34202494,neurodegenerative diseas
30190701,neurodegenerative diseas
30190701,neurodegenerative patholog
30190701,neurodegenerative disord
30190701,parkinson diseas
36787643,neuronal death
36787643,amyotrophic lateral sclerosi
36787643,alzheimer's diseas
36787643,neurodegenerative diseas
36787643,al
36787643,ad
36787643,excitotox
30131665,fal
30131665,amyotrophic lateral sclerosi
30131665,sal
30131665,muscular paralysi
30131665,al
30131665,neurodegenerative diseas
34568332,al
34568332,neurogenerative diseas
34568332,amyotrophic lateral sclerosi
34568332,motor degener
36144268,nd
36144268,amyotrophic lateral sclerosi
36144268,pd
36144268,neurodegenerative diseas
36144268,al
36144268,alzheimer'
36144268,ad
36144268,parkinson'
36176437,nd
36176437,ad
36176437,alzheimer's diseas
36176437,neurodegenerative diseas
36176437,inflammatori
36176437,neuroinflamm
33390907,amyotrophic lateral sclerosi
33390907,neurodegener
33390907,neurodegenerative diseas
33390907,alzheimer'
33390907,huntington'
33390907,parkinson'
33390907,neuronal dysfunct
31692944,mitochondrial complexes ii and iv
31692944,amyotrophic lateral sclerosi
31692944,alzheimer's diseas
31692944,hd
31692944,pd
31692944,neurodegenerative diseas
31692944,al
31692944,huntington's diseas
31692944,neuronal cell death
31692944,ad
31692944,parkinson's diseas
37759540,neuroinflamm
37759540,excitotox
37759540,amyotrophic lateral sclerosi
37759540,calcium butterfly effect
37759540,alzheimer's diseas
37759540,neurodegener
37759540,pd
37759540,neurodegenerative diseas
37759540,al
37759540,ad
37759540,parkinson's diseas
37759540,ndd
31866784,huntington diseas
31866784,neuronal death
31866784,amyotrophic lateral sclerosi
31866784,hd
31866784,parkinson diseas
31866784,neurodegenerative diseas
31866784,pd
31866784,al
31866784,alzheimer diseas
31866784,ad
36364033,nd
36364033,neuronal death
36364033,amyotrophic lateral sclerosi
36364033,alzheimer's diseas
36364033,hd
36364033,pd
36364033,neurodegenerative diseas
36364033,al
36364033,neurodegenerative disord
36364033,huntington's diseas
36364033,ad
36364033,parkinson's diseas
33094209,huntington diseas
33094209,ms
33094209,amyloid-beta deposit
33094209,amyotrophic lateral sclerosi
33094209,parkinson diseas
33094209,neurodegenerative diseas
33094209,pd
33094209,al
33094209,inflamm
33094209,alzheimer diseas
33094209,ad
33094209,cognitive impair
33094209,multiple sclerosi
36688174,amyotrophic lateral sclerosi
36688174,alzheimer's diseas
36688174,hd
36688174,pd
36688174,neurodegenerative diseas
36688174,al
36688174,neurodegenerative disord
36688174,huntington's diseas
36688174,ad
36688174,parkinson's diseas
37626421,dysfunct
37626421,amyotrophic lateral sclerosi
37626421,neurodegenerative diseas
37626421,al
37626421,neurological diseas
37626421,neurodegenerative disord
30072954,neuronal death
30072954,diabet
30072954,age-related diseas
30072954,neurodegenerative diseas
30072954,type 2 diabet
30072954,cancer
30072954,cardiovascular diseas
34335276,amyotrophic lateral sclerosi
34335276,alzheimer's diseas
34335276,neurodegenerative diseas
34335276,parkinson's diseas
34335276,ndd
32848572,al
32848572,and hypoglossal nucleus to degener
32848572,amyotrophic lateral sclerosi
31932096,amyotrophic lateral sclerosi
31932096,alzheimer's diseas
31932096,ftld
31932096,pd
31932096,neurodegenerative diseas
31932096,al
31932096,frontotemporal lobar degener
31932096,ad
31932096,parkinson's diseas
32410936,bbb dysfunct
32410936,neurovascular unit dysfunct
32410936,amyotrophic lateral sclerosi
32410936,alzheimer's diseas
32410936,nvu dysfunct
32410936,pd
32410936,al
32410936,neurodegenerative diseas
32410936,neurodegenerative disord
32410936,ad
32410936,parkinson's diseas
35936442,toxic
35936442,dementia
35936442,amyotrophic lateral sclerosi
35936442,alzheimer's diseas
35936442,neurodegenerative diseas
35936442,al
35936442,inflammatori
35936442,huntington's diseas
35936442,parkinson's diseas
36481799,spinal muscular atrophi
36481799,amyotrophic lateral sclerosi
36481799,death
36481799,al
36481799,neurodegenerative diseas
36481799,motor neuron disord
32998318,age-related neurodegenerative diseas
32998318,homeostasi
32998318,amyotrophic lateral sclerosi
32998318,alzheimer's diseas
32998318,inflamm
32998318,neurodegenerative diseas
32998318,inflammatori
32998318,parkinson's diseas
34211575,neuromuscular diseas
34211575,spinal muscular atrophi
34211575,sma
34211575,amyotrophic lateral sclerosi
34211575,neurodegenerative diseas
34211575,al
34211575,dmd
34211575,duchenne muscular dystrophi
34211575,hereditary neurodegenerative diseas
36822629,copper defici
36822629,wilson's diseas
36822629,toxic
36822629,menkes diseas
36822629,amyotrophic lateral sclerosi
36822629,alzheimer's diseas
36822629,neurodegenerative diseas
36822629,copper overload
36822629,parkinson's diseas
36822629,copper
31680172,frontotemporal dementia
31680172,ftd
31680172,amyotrophic lateral sclerosi
31680172,neurodegenerative diseas
31680172,al
32456229,autism spectrum disord
32456229,leaky brain syndrom
32456229,mood disord
32456229,amyotrophic lateral sclerosi
32456229,brain and neuronal disord
32456229,inflamm
32456229,al
32456229,neurodegenerative diseas
32456229,schizophrenia
32456229,alzheimer diseas
32456229,ad
32456229,neurologic diseas
30995776,neurodegenerative diseas
36678926,neurodegenerative diseas
35783140,neurodegenerative diseas
35783140,al
35783140,amyotrophic lateral sclerosi
35783140,degeneration of the motor system
35883693,neurodegenerative diseas
35883693,nd
35883693,cma dysfunct
36846529,amyotrophic lateral sclerosi
36846529,neurodegenerative diseas
36846529,amyotrophic lateral sclerosis diseas
36846529,huntington's diseas
36846529,huntington'
36846529,parkinson'
36846529,parkinson's diseas
33781562,motor neuron death
33781562,amyotrophi
33781562,amyotrophic lateral sclerosi
33781562,death
33781562,al
33781562,neurodegenerative diseas
33781562,weak
32471232,al
32471232,neurodegenerative diseas
32471232,amyotrophic lateral sclerosi
