Publication ID,Drugs
36500540,ibudilast
36500540,camp
36500540,cyclic guanosine monophosph
36500540,cyclic adenosine monophosph
36500540,cgmp
31724708,o-linked beta-n-acetylglucosamin
31724708,lipid
31724708,polysaccharid
31724708,gangliosid
31724708,oligosaccharid
37619619,iron
36245065,bisphenol a
36245065,selenium
36245065,resveratrol
36245065,bpa
36245065,bpf
36245065,dopamin
36263141,adalimumab
36263141,aspirin
36263141,thalidomid
36263141,sildenafil
36263141,kinase inhibitor
32351395,ro
32351395,reactive oxygen speci
32351395,ca2+
35022041,ribavirin
34924930,mam
34924930,phytogenotoxin
34924930,carbon
34924930,methylazoxymethanol
37828541,jakinib
37828541,baricitinib
35327555,nsaid
35327555,fluvoxamin
35327555,steroid anti-inflammatory drug
35327555,dextrometorphan
35327555,anavex3-71
35327555,pridopidin
30013199,neomycin
37658972,lipid
35628482,ro
35628482,reactive oxygen speci
35204286,ro
35204286,reactive oxygen speci
35204286,calcium
35008653,oxygen
35805131,calcium
35805131,free rad
30877034,szeto-schil
30877034,glutam
30877034,ddq
30877034,free-rad
30877034,glutathion
30877034,mitovit
30877034,mitotempo
30877034,ss
30877034,reactive oxygen speci
30877034,phosphonium c
30877034,mitoq
30877034,mitopbn
30877034,peptid
30877034,vitamin c &
30877034,beta-caroten
35659112,bile acid
35659112,tauroursodeoxycholic acid
35659112,tudca
31888221,glycan
31888221,carbohydr
31888221,lipid
37189749,sugar
37189749,azeliragon
31443476,flavonoid
31443476,anthocyanin
33158182,cuii
33158182,copper
33158182,atsm
35684025,hpt
35684025,hesperetin
35684025,hesperidin
35684025,citrus flavonoid
31234550,flavonoid
36674643,risdiplam
36674643,nusinersen
35272709,h2o2
35272709,csa
35272709,cyclosporin
37323141,glucos
37323141,lipid
36232693,ro
36232693,reactive oxygen speci
36232693,atp
35889517,inosin
35889517,urat
35889517,atp
34208136,ro
34208136,reactive oxygen speci
35653060,antisense oligonucleotid
35653060,aso
32390854,lysin
29331501,edaravon
31263455,amin
37132460,antiplatelet phytochem
37132460,terpenoid
37132460,polyphenol
37132460,antiplatelet
37132460,flavonoid
37132460,alkaloid
31231190,1-methyl-4-phenylpyridinium
31244593,biotin
28521682,metformin
28521682,metal
28521682,pbt-2
28521682,clioquinol
28521682,cyclodipeptid
28521682,copper (ii)
28521682,copper(ii)
28521682,copper
28521682,iron
36339574,resveratrol
36339574,ms-275
36339574,valproat
36339574,entinostat
31463415,superoxid
31463415,free rad
33839324,oligonucleotid
35714755,ro
31926602,bosutinib
31926602,ropinirol
31926602,retigabin
31926602,ropi
32739173,ambroxol
32739173,lipid
32739173,glucosylceramid
32739173,glycosphingolipid
32390802,glutam
32390802,excitatory neurotransmitt
32390802,reactive oxygen speci
32390802,glutamin
32390802,calcium
32390802,ro
33809730,free oxygen rad
33809730,antioxidant metalloenzym
32089764,edaravon
32089764,riluzol
32784556,melatonin
32784556,free rad
34827556,parmodulin
36536341,sd
36536341,spermidin
35204078,edaravon
35204078,reactive oxygen speci
35204078,free rad
32825423,ca2+
32825423,reactive oxygen and nitrogen
32825423,glutam
32825423,atp
35012575,h2o2
35012575,edaravon
35012575,glutam
35012575,mimn
35563497,flavonoid
35563497,calcium
35563497,copper ionophor
35563497,copper
35563497,iron
29560813,nusinersen
29560813,oligonucleotid
29560813,antisens
29560813,aso
36875645,ceramid
36875645,sphingolipid
37390744,arp
37390744,calcium
37390744,arginine-rich peptid
31689925,h&e
31689925,bjigt
31689925,hochu-ekki
31689925,-tang
31500113,oligonucleotid
35629192,oligonucleotid
35710076,tetracyclin
35710076,minocyclin
35710076,doxycyclin
35009270,graphen
35009270,lipid
33736701,artificial csf
33736701,acsf
34372914,edaravon
34372914,riluzol
31936292,atp
35783556,prionoid
36110516,glutam
36110516,dextran sulph
36110516,low molecular
36110516,ilb
35756499,ro
35756499,reactive oxygen speci
33804658,curcuminoid
36751779,tofersen
36751779,solanezumab
36751779,venglustat
36751779,crenezumab
36751779,oligonucleotid
36751779,tominersen
36751779,gantenerumab
32029967,glutam
33202952,polyphenol
33202952,antioxidant vitamin
33202952,lipid
33202952,"vitamins a, c, and"
36660079,cholesterol
36660079,glutam
36660079,sterol
31037649,fatty acid
30468382,graphen
29187283,calcium
32411012,polyphenolic compound
32411012,pp
32411012,polyphenol
37113148,gaba
37113148,acet
37113148,scfa
37113148,histamin
37113148,l-glutam
37113148,butyr
37113148,tryptophan
37113148,spermidin
36122597,polyphenol
36122597,sterol
36122597,phosphat
36122597,polysaccharid
36122597,pufa
36122597,co2
36122597,polyunsaturated fatty acid
36122597,nitrogen
36122597,carotenoid
36122597,essential amino acid
34680401,water
34680401,lipid-soluble vitamin
36676070,lipid
31867326,imide drug
31867326,pomalidomid
31867326,thalidomid
31867326,"3,6'-dithiothalidomid"
31867326,adamantyl thalidomid
31867326,imid
31867326,lenalidomid
34016162,antisense oligonucleotid
34016162,oligonucleotid
31283897,antisense oligonucleotid
31283897,nusinersen
31283897,antisens
35185590,echinacosid
35185590,phg
35185590,phenylethanoid glycosid
35185590,ech
37697342,lipid
34827436,ca2+
33912016,lipid
35159225,edaravon
35159225,riluzol
33573368,zinc (zn2+)
33573368,amyloid peptid
36555492,reactive oxygen speci
36555492,reactive oxygen and nitrogen speci
34575995,glutam
34575995,calcium
33387580,parpi
33387580,nad+
32244957,cort113176
32244957,corticosteron
35691950,antisense oligonucleotid
35691950,aso
33329356,pthr175
33329356,pthr231tau
34623437,ceramid
34623437,lipid
34623437,sphingomyelin
30713762,gamma-carbolin
30713762,gamma-carbolines deriv
30713762,latrepirdin
30713762,dimebon
32833122,ca2+
32833122,dantrolen
34202494,ua
34202494,uric acid
34202494,iron
36787643,glutam
30131665,copper
30131665,calcium
30131665,sodium
30131665,iron
34568332,lipid
36144268,myo-inositol
36144268,n-acetyl-aspart
36144268,glutam
36144268,naa
31692944,h2o2
31692944,h2
31692944,lipid
31692944,glutathion
31692944,gsh
31692944,reactive oxygen speci
31692944,hydrogen sulfid
31692944,ro
36364033,steroidal anti-inflammatori
36364033,fk506
36364033,minocyclin
30072954,metformin
35936442,polyphenol
35936442,curcumin
35936442,antioxidant compound
35936442,reactive oxygen speci
35936442,ro
36481799,riluzol
34211575,antisense oligonucleotid
34211575,oligonucleotid
36822629,copper
30995776,polyphenol
33781562,edaravon
33781562,riluzol
